[
    {
        "Directory": "C:/Users/marke/Videos",
        "File Name": "1.mp4",
        "Input Codec": "h265",
        "Output Codec": "h265",
        "Input Size": 81973907,
        "Output Size": 554863,
        "Relative Size": 0.007
    },
    {
        "Directory": "C:/Users/marke/Videos",
        "File Name": "1.mp4",
        "Input Codec": "h265",
        "Output Codec": "h265",
        "Input Size": 81973907,
        "Output Size": 554863,
        "Relative Size": 0.007
    },
    {
        "Directory": "C:/Users/marke/Videos",
        "File Name": "1.mp4",
        "Input Codec": "h265",
        "Output Codec": "ffv1",
        "Input Size": 81973907,
        "Output Size": 507366304,
        "Relative Size": 6.189
    },
    {
        "Directory": "C:/Users/marke/Videos",
        "File Name": "1.mp4",
        "Input Codec": "h265",
        "Output Codec": "ffv1",
        "Input Size": 81973907,
        "Output Size": 507366304,
        "Relative Size": 6.189
    },
    {
        "Directory": "C:/Users/marke/Videos",
        "File Name": "1.mp4",
        "Input Codec": "h265",
        "Output Codec": "h265",
        "Input Size": 81973907,
        "Output Size": 1,
        "Relative Size": 1
    },
    {
        "Directory": "C:/Users/marke/Videos",
        "File Name": "1.mp4",
        "Input Codec": "h265",
        "Output Codec": "h265",
        "Input Size": 81973907,
        "Output Size": 1,
        "Relative Size": 1
    },
    {
        "Directory": "C:/Users/marke/Videos",
        "File Name": "1.mp4",
        "Input Codec": "h265",
        "Output Codec": "h265",
        "Input Size": 81973907,
        "Output Size": 13207557,
        "Relative Size": 0.161
    },
    {
        "Directory": "C:/Users/marke/Videos",
        "File Name": "1.mp4",
        "Input Codec": "h265",
        "Output Codec": "h265",
        "Input Size": 81973907,
        "Output Size": 13207557,
        "Relative Size": 0.161
    },
    {
        "Directory": "C:/Users/marke/Videos",
        "File Name": "1.mp4",
        "Input Codec": "h265",
        "Output Codec": "h265",
        "Input Size": 81973907,
        "Output Size": 11411152,
        "Relative Size": 0.139
    },
    {
        "Directory": "C:/Users/marke/Videos",
        "File Name": "1.mp4",
        "Input Codec": "h265",
        "Output Codec": "h265",
        "Input Size": 81973907,
        "Output Size": 11411152,
        "Relative Size": 0.139
    },
    {
        "Directory": "C:/Users/marke/Videos",
        "File Name": "1.mp4",
        "Input Codec": "h265",
        "Output Codec": "h264",
        "Input Size": 81973907,
        "Output Size": 15977171,
        "Relative Size": 0.195
    },
    {
        "Directory": "C:/Users/marke/Videos",
        "File Name": "1.mp4",
        "Input Codec": "h265",
        "Output Codec": "h264",
        "Input Size": 81973907,
        "Output Size": 15977171,
        "Relative Size": 0.195
    }
]